row_kind,group,chain_run,criterion,tau_escape,tau_mean,tau_std,n_chains,rhat_aligned
chain,w2_n512_h5e-06_T100000_a0.3_b1p0_g3p0_ul_initI1,w2_n512_h5e-06_T100000_a0.3_b1p0_g3p0_ul_initI1_chain0,d_sqrt_ge_0p05,10264,,,,
chain,w2_n512_h5e-06_T100000_a0.3_b1p0_g3p0_ul_initI1,w2_n512_h5e-06_T100000_a0.3_b1p0_g3p0_ul_initI1_chain0,d_sqrt_ge_0p1,21093,,,,
chain,w2_n512_h5e-06_T100000_a0.3_b1p0_g3p0_ul_initI1,w2_n512_h5e-06_T100000_a0.3_b1p0_g3p0_ul_initI1_chain0,d_sqrt_ge_0p15,32548,,,,
chain,w2_n512_h5e-06_T100000_a0.3_b1p0_g3p0_ul_initI1,w2_n512_h5e-06_T100000_a0.3_b1p0_g3p0_ul_initI1_chain0,ou_ge_0p03,11272,,,,
chain,w2_n512_h5e-06_T100000_a0.3_b1p0_g3p0_ul_initI1,w2_n512_h5e-06_T100000_a0.3_b1p0_g3p0_ul_initI1_chain0,ou_ge_0p06,23229,,,,
chain,w2_n512_h5e-06_T100000_a0.3_b1p0_g3p0_ul_initI1,w2_n512_h5e-06_T100000_a0.3_b1p0_g3p0_ul_initI1_chain0,ou_ge_0p09,35949,,,,
chain,w2_n512_h5e-06_T100000_a0.3_b1p0_g3p0_ul_initI1,w2_n512_h5e-06_T100000_a0.3_b1p0_g3p0_ul_initI1_chain0,nll_ge_init_plus_0p25,2376,,,,
chain,w2_n512_h5e-06_T100000_a0.3_b1p0_g3p0_ul_initI1,w2_n512_h5e-06_T100000_a0.3_b1p0_g3p0_ul_initI1_chain0,nll_ge_init_plus_0p5,4163,,,,
chain,w2_n512_h5e-06_T100000_a0.3_b1p0_g3p0_ul_initI1,w2_n512_h5e-06_T100000_a0.3_b1p0_g3p0_ul_initI1_chain0,f_margin_le_init_minus_0p5,1273,,,,
chain,w2_n512_h5e-06_T100000_a0.3_b1p0_g3p0_ul_initI1,w2_n512_h5e-06_T100000_a0.3_b1p0_g3p0_ul_initI1_chain0,f_margin_le_init_minus_1,2361,,,,
chain,w2_n512_h5e-06_T100000_a0.3_b1p0_g3p0_ul_initI1,w2_n512_h5e-06_T100000_a0.3_b1p0_g3p0_ul_initI1_chain0,nll_abs_ge_1p45,14985,,,,
chain,w2_n512_h5e-06_T100000_a0.3_b1p0_g3p0_ul_initI1,w2_n512_h5e-06_T100000_a0.3_b1p0_g3p0_ul_initI1_chain0,nll_abs_ge_1p55,20456,,,,
chain,w2_n512_h5e-06_T100000_a0.3_b1p0_g3p0_ul_initI1,w2_n512_h5e-06_T100000_a0.3_b1p0_g3p0_ul_initI1_chain0,nll_abs_ge_1p7,,,,,
chain,w2_n512_h5e-06_T100000_a0.3_b1p0_g3p0_ul_initI1,w2_n512_h5e-06_T100000_a0.3_b1p0_g3p0_ul_initI1_chain0,f_margin_abs_le_m0p2,25418,,,,
chain,w2_n512_h5e-06_T100000_a0.3_b1p0_g3p0_ul_initI1,w2_n512_h5e-06_T100000_a0.3_b1p0_g3p0_ul_initI1_chain0,f_margin_abs_le_m0p3,72383,,,,
chain,w2_n512_h5e-06_T100000_a0.3_b1p0_g3p0_ul_initI1,w2_n512_h5e-06_T100000_a0.3_b1p0_g3p0_ul_initI1_chain0,f_margin_abs_le_m0p38,,,,,
chain,w2_n512_h5e-06_T100000_a0.3_b1p0_g3p0_ul_initI1,w2_n512_h5e-06_T100000_a0.3_b1p0_g3p0_ul_initI1_chain1,d_sqrt_ge_0p05,10276,,,,
chain,w2_n512_h5e-06_T100000_a0.3_b1p0_g3p0_ul_initI1,w2_n512_h5e-06_T100000_a0.3_b1p0_g3p0_ul_initI1_chain1,d_sqrt_ge_0p1,21128,,,,
chain,w2_n512_h5e-06_T100000_a0.3_b1p0_g3p0_ul_initI1,w2_n512_h5e-06_T100000_a0.3_b1p0_g3p0_ul_initI1_chain1,d_sqrt_ge_0p15,32577,,,,
chain,w2_n512_h5e-06_T100000_a0.3_b1p0_g3p0_ul_initI1,w2_n512_h5e-06_T100000_a0.3_b1p0_g3p0_ul_initI1_chain1,ou_ge_0p03,11287,,,,
chain,w2_n512_h5e-06_T100000_a0.3_b1p0_g3p0_ul_initI1,w2_n512_h5e-06_T100000_a0.3_b1p0_g3p0_ul_initI1_chain1,ou_ge_0p06,23264,,,,
chain,w2_n512_h5e-06_T100000_a0.3_b1p0_g3p0_ul_initI1,w2_n512_h5e-06_T100000_a0.3_b1p0_g3p0_ul_initI1_chain1,ou_ge_0p09,35975,,,,
chain,w2_n512_h5e-06_T100000_a0.3_b1p0_g3p0_ul_initI1,w2_n512_h5e-06_T100000_a0.3_b1p0_g3p0_ul_initI1_chain1,nll_ge_init_plus_0p25,2449,,,,
chain,w2_n512_h5e-06_T100000_a0.3_b1p0_g3p0_ul_initI1,w2_n512_h5e-06_T100000_a0.3_b1p0_g3p0_ul_initI1_chain1,nll_ge_init_plus_0p5,4173,,,,
chain,w2_n512_h5e-06_T100000_a0.3_b1p0_g3p0_ul_initI1,w2_n512_h5e-06_T100000_a0.3_b1p0_g3p0_ul_initI1_chain1,f_margin_le_init_minus_0p5,1415,,,,
chain,w2_n512_h5e-06_T100000_a0.3_b1p0_g3p0_ul_initI1,w2_n512_h5e-06_T100000_a0.3_b1p0_g3p0_ul_initI1_chain1,f_margin_le_init_minus_1,2435,,,,
chain,w2_n512_h5e-06_T100000_a0.3_b1p0_g3p0_ul_initI1,w2_n512_h5e-06_T100000_a0.3_b1p0_g3p0_ul_initI1_chain1,nll_abs_ge_1p45,14451,,,,
chain,w2_n512_h5e-06_T100000_a0.3_b1p0_g3p0_ul_initI1,w2_n512_h5e-06_T100000_a0.3_b1p0_g3p0_ul_initI1_chain1,nll_abs_ge_1p55,19538,,,,
chain,w2_n512_h5e-06_T100000_a0.3_b1p0_g3p0_ul_initI1,w2_n512_h5e-06_T100000_a0.3_b1p0_g3p0_ul_initI1_chain1,nll_abs_ge_1p7,,,,,
chain,w2_n512_h5e-06_T100000_a0.3_b1p0_g3p0_ul_initI1,w2_n512_h5e-06_T100000_a0.3_b1p0_g3p0_ul_initI1_chain1,f_margin_abs_le_m0p2,25291,,,,
chain,w2_n512_h5e-06_T100000_a0.3_b1p0_g3p0_ul_initI1,w2_n512_h5e-06_T100000_a0.3_b1p0_g3p0_ul_initI1_chain1,f_margin_abs_le_m0p3,94186,,,,
chain,w2_n512_h5e-06_T100000_a0.3_b1p0_g3p0_ul_initI1,w2_n512_h5e-06_T100000_a0.3_b1p0_g3p0_ul_initI1_chain1,f_margin_abs_le_m0p38,,,,,
chain,w2_n512_h5e-06_T100000_a0.3_b1p0_g3p0_ul_initI1,w2_n512_h5e-06_T100000_a0.3_b1p0_g3p0_ul_initI1_chain2,d_sqrt_ge_0p05,10273,,,,
chain,w2_n512_h5e-06_T100000_a0.3_b1p0_g3p0_ul_initI1,w2_n512_h5e-06_T100000_a0.3_b1p0_g3p0_ul_initI1_chain2,d_sqrt_ge_0p1,21132,,,,
chain,w2_n512_h5e-06_T100000_a0.3_b1p0_g3p0_ul_initI1,w2_n512_h5e-06_T100000_a0.3_b1p0_g3p0_ul_initI1_chain2,d_sqrt_ge_0p15,32592,,,,
chain,w2_n512_h5e-06_T100000_a0.3_b1p0_g3p0_ul_initI1,w2_n512_h5e-06_T100000_a0.3_b1p0_g3p0_ul_initI1_chain2,ou_ge_0p03,11283,,,,
chain,w2_n512_h5e-06_T100000_a0.3_b1p0_g3p0_ul_initI1,w2_n512_h5e-06_T100000_a0.3_b1p0_g3p0_ul_initI1_chain2,ou_ge_0p06,23272,,,,
chain,w2_n512_h5e-06_T100000_a0.3_b1p0_g3p0_ul_initI1,w2_n512_h5e-06_T100000_a0.3_b1p0_g3p0_ul_initI1_chain2,ou_ge_0p09,35991,,,,
chain,w2_n512_h5e-06_T100000_a0.3_b1p0_g3p0_ul_initI1,w2_n512_h5e-06_T100000_a0.3_b1p0_g3p0_ul_initI1_chain2,nll_ge_init_plus_0p25,2498,,,,
chain,w2_n512_h5e-06_T100000_a0.3_b1p0_g3p0_ul_initI1,w2_n512_h5e-06_T100000_a0.3_b1p0_g3p0_ul_initI1_chain2,nll_ge_init_plus_0p5,4203,,,,
chain,w2_n512_h5e-06_T100000_a0.3_b1p0_g3p0_ul_initI1,w2_n512_h5e-06_T100000_a0.3_b1p0_g3p0_ul_initI1_chain2,f_margin_le_init_minus_0p5,1253,,,,
chain,w2_n512_h5e-06_T100000_a0.3_b1p0_g3p0_ul_initI1,w2_n512_h5e-06_T100000_a0.3_b1p0_g3p0_ul_initI1_chain2,f_margin_le_init_minus_1,2379,,,,
chain,w2_n512_h5e-06_T100000_a0.3_b1p0_g3p0_ul_initI1,w2_n512_h5e-06_T100000_a0.3_b1p0_g3p0_ul_initI1_chain2,nll_abs_ge_1p45,15481,,,,
chain,w2_n512_h5e-06_T100000_a0.3_b1p0_g3p0_ul_initI1,w2_n512_h5e-06_T100000_a0.3_b1p0_g3p0_ul_initI1_chain2,nll_abs_ge_1p55,23274,,,,
chain,w2_n512_h5e-06_T100000_a0.3_b1p0_g3p0_ul_initI1,w2_n512_h5e-06_T100000_a0.3_b1p0_g3p0_ul_initI1_chain2,nll_abs_ge_1p7,,,,,
chain,w2_n512_h5e-06_T100000_a0.3_b1p0_g3p0_ul_initI1,w2_n512_h5e-06_T100000_a0.3_b1p0_g3p0_ul_initI1_chain2,f_margin_abs_le_m0p2,26274,,,,
chain,w2_n512_h5e-06_T100000_a0.3_b1p0_g3p0_ul_initI1,w2_n512_h5e-06_T100000_a0.3_b1p0_g3p0_ul_initI1_chain2,f_margin_abs_le_m0p3,,,,,
chain,w2_n512_h5e-06_T100000_a0.3_b1p0_g3p0_ul_initI1,w2_n512_h5e-06_T100000_a0.3_b1p0_g3p0_ul_initI1_chain2,f_margin_abs_le_m0p38,,,,,
chain,w2_n512_h5e-06_T100000_a0.3_b1p0_g3p0_ul_initI1,w2_n512_h5e-06_T100000_a0.3_b1p0_g3p0_ul_initI1_chain3,d_sqrt_ge_0p05,10283,,,,
chain,w2_n512_h5e-06_T100000_a0.3_b1p0_g3p0_ul_initI1,w2_n512_h5e-06_T100000_a0.3_b1p0_g3p0_ul_initI1_chain3,d_sqrt_ge_0p1,21135,,,,
chain,w2_n512_h5e-06_T100000_a0.3_b1p0_g3p0_ul_initI1,w2_n512_h5e-06_T100000_a0.3_b1p0_g3p0_ul_initI1_chain3,d_sqrt_ge_0p15,32589,,,,
chain,w2_n512_h5e-06_T100000_a0.3_b1p0_g3p0_ul_initI1,w2_n512_h5e-06_T100000_a0.3_b1p0_g3p0_ul_initI1_chain3,ou_ge_0p03,11293,,,,
chain,w2_n512_h5e-06_T100000_a0.3_b1p0_g3p0_ul_initI1,w2_n512_h5e-06_T100000_a0.3_b1p0_g3p0_ul_initI1_chain3,ou_ge_0p06,23272,,,,
chain,w2_n512_h5e-06_T100000_a0.3_b1p0_g3p0_ul_initI1,w2_n512_h5e-06_T100000_a0.3_b1p0_g3p0_ul_initI1_chain3,ou_ge_0p09,35993,,,,
chain,w2_n512_h5e-06_T100000_a0.3_b1p0_g3p0_ul_initI1,w2_n512_h5e-06_T100000_a0.3_b1p0_g3p0_ul_initI1_chain3,nll_ge_init_plus_0p25,2388,,,,
chain,w2_n512_h5e-06_T100000_a0.3_b1p0_g3p0_ul_initI1,w2_n512_h5e-06_T100000_a0.3_b1p0_g3p0_ul_initI1_chain3,nll_ge_init_plus_0p5,4094,,,,
chain,w2_n512_h5e-06_T100000_a0.3_b1p0_g3p0_ul_initI1,w2_n512_h5e-06_T100000_a0.3_b1p0_g3p0_ul_initI1_chain3,f_margin_le_init_minus_0p5,1235,,,,
chain,w2_n512_h5e-06_T100000_a0.3_b1p0_g3p0_ul_initI1,w2_n512_h5e-06_T100000_a0.3_b1p0_g3p0_ul_initI1_chain3,f_margin_le_init_minus_1,2416,,,,
chain,w2_n512_h5e-06_T100000_a0.3_b1p0_g3p0_ul_initI1,w2_n512_h5e-06_T100000_a0.3_b1p0_g3p0_ul_initI1_chain3,nll_abs_ge_1p45,15591,,,,
chain,w2_n512_h5e-06_T100000_a0.3_b1p0_g3p0_ul_initI1,w2_n512_h5e-06_T100000_a0.3_b1p0_g3p0_ul_initI1_chain3,nll_abs_ge_1p55,23914,,,,
chain,w2_n512_h5e-06_T100000_a0.3_b1p0_g3p0_ul_initI1,w2_n512_h5e-06_T100000_a0.3_b1p0_g3p0_ul_initI1_chain3,nll_abs_ge_1p7,,,,,
chain,w2_n512_h5e-06_T100000_a0.3_b1p0_g3p0_ul_initI1,w2_n512_h5e-06_T100000_a0.3_b1p0_g3p0_ul_initI1_chain3,f_margin_abs_le_m0p2,25406,,,,
chain,w2_n512_h5e-06_T100000_a0.3_b1p0_g3p0_ul_initI1,w2_n512_h5e-06_T100000_a0.3_b1p0_g3p0_ul_initI1_chain3,f_margin_abs_le_m0p3,,,,,
chain,w2_n512_h5e-06_T100000_a0.3_b1p0_g3p0_ul_initI1,w2_n512_h5e-06_T100000_a0.3_b1p0_g3p0_ul_initI1_chain3,f_margin_abs_le_m0p38,,,,,
summary,w2_n512_h5e-06_T100000_a0.3_b1p0_g3p0_ul_initI1,,d_sqrt_ge_0p05,,10274.0,7.874007874011811,4,
summary,w2_n512_h5e-06_T100000_a0.3_b1p0_g3p0_ul_initI1,,d_sqrt_ge_0p1,,21122.0,19.544820285692065,4,
summary,w2_n512_h5e-06_T100000_a0.3_b1p0_g3p0_ul_initI1,,d_sqrt_ge_0p15,,32576.5,20.074859899884732,4,
summary,w2_n512_h5e-06_T100000_a0.3_b1p0_g3p0_ul_initI1,,ou_ge_0p03,,11283.75,8.845903006477066,4,
summary,w2_n512_h5e-06_T100000_a0.3_b1p0_g3p0_ul_initI1,,ou_ge_0p06,,23259.25,20.516253719104437,4,
summary,w2_n512_h5e-06_T100000_a0.3_b1p0_g3p0_ul_initI1,,ou_ge_0p09,,35977.0,20.33060090930254,4,
summary,w2_n512_h5e-06_T100000_a0.3_b1p0_g3p0_ul_initI1,,nll_ge_init_plus_0p25,,2427.75,56.700235155303076,4,
summary,w2_n512_h5e-06_T100000_a0.3_b1p0_g3p0_ul_initI1,,nll_ge_init_plus_0p5,,4158.25,46.08235381719703,4,
summary,w2_n512_h5e-06_T100000_a0.3_b1p0_g3p0_ul_initI1,,f_margin_le_init_minus_0p5,,1294.0,82.1462111116514,4,
summary,w2_n512_h5e-06_T100000_a0.3_b1p0_g3p0_ul_initI1,,f_margin_le_init_minus_1,,2397.75,33.77745796632225,4,
summary,w2_n512_h5e-06_T100000_a0.3_b1p0_g3p0_ul_initI1,,nll_abs_ge_1p45,,15127.0,522.0957766540541,4,
summary,w2_n512_h5e-06_T100000_a0.3_b1p0_g3p0_ul_initI1,,nll_abs_ge_1p55,,21795.5,2126.3874686111812,4,
summary,w2_n512_h5e-06_T100000_a0.3_b1p0_g3p0_ul_initI1,,nll_abs_ge_1p7,,nan,nan,4,
summary,w2_n512_h5e-06_T100000_a0.3_b1p0_g3p0_ul_initI1,,f_margin_abs_le_m0p2,,25597.25,454.78447276338125,4,
summary,w2_n512_h5e-06_T100000_a0.3_b1p0_g3p0_ul_initI1,,f_margin_abs_le_m0p3,,83284.5,15417.049150210296,4,
summary,w2_n512_h5e-06_T100000_a0.3_b1p0_g3p0_ul_initI1,,f_margin_abs_le_m0p38,,nan,nan,4,
rhat,w2_n512_h5e-06_T100000_a0.3_b1p0_g3p0_ul_initI1,,rhat_aligned_d_sqrt_ge_0p05_f_nll,,,,4,1.0381762315240102
rhat,w2_n512_h5e-06_T100000_a0.3_b1p0_g3p0_ul_initI1,,rhat_aligned_d_sqrt_ge_0p1_f_nll,,,,4,1.6498653331067867
rhat,w2_n512_h5e-06_T100000_a0.3_b1p0_g3p0_ul_initI1,,rhat_aligned_d_sqrt_ge_0p15_f_nll,,,,4,1.684982368749635
rhat,w2_n512_h5e-06_T100000_a0.3_b1p0_g3p0_ul_initI1,,rhat_aligned_ou_ge_0p03_f_nll,,,,4,1.0547819286450528
rhat,w2_n512_h5e-06_T100000_a0.3_b1p0_g3p0_ul_initI1,,rhat_aligned_ou_ge_0p06_f_nll,,,,4,1.691524530820231
rhat,w2_n512_h5e-06_T100000_a0.3_b1p0_g3p0_ul_initI1,,rhat_aligned_ou_ge_0p09_f_nll,,,,4,1.7161821571407112
rhat,w2_n512_h5e-06_T100000_a0.3_b1p0_g3p0_ul_initI1,,rhat_aligned_nll_ge_init_plus_0p25_f_nll,,,,4,1.0024489820702434
rhat,w2_n512_h5e-06_T100000_a0.3_b1p0_g3p0_ul_initI1,,rhat_aligned_nll_ge_init_plus_0p5_f_nll,,,,4,1.0045310464324835
rhat,w2_n512_h5e-06_T100000_a0.3_b1p0_g3p0_ul_initI1,,rhat_aligned_f_margin_le_init_minus_0p5_f_nll,,,,4,1.001919734190542
rhat,w2_n512_h5e-06_T100000_a0.3_b1p0_g3p0_ul_initI1,,rhat_aligned_f_margin_le_init_minus_1_f_nll,,,,4,1.002406977256369
rhat,w2_n512_h5e-06_T100000_a0.3_b1p0_g3p0_ul_initI1,,rhat_aligned_nll_abs_ge_1p45_f_nll,,,,4,1.1853888091135552
rhat,w2_n512_h5e-06_T100000_a0.3_b1p0_g3p0_ul_initI1,,rhat_aligned_nll_abs_ge_1p55_f_nll,,,,4,1.613021056470314
rhat,w2_n512_h5e-06_T100000_a0.3_b1p0_g3p0_ul_initI1,,rhat_aligned_f_margin_abs_le_m0p2_f_nll,,,,4,1.6875408975295834
rhat,w2_n512_h5e-06_T100000_a0.3_b1p0_g3p0_ul_initI1,,rhat_aligned_f_margin_abs_le_m0p3_f_nll,,,,2,1.0344921556361013
chain,w2_n512_h5e-06_T100000_a0.3_b1p0_g3p0_ul_initI2_step2375,w2_n512_h5e-06_T100000_a0.3_b1p0_g3p0_ul_initI2_step2375_chain0,d_sqrt_ge_0p05,10262,,,,
chain,w2_n512_h5e-06_T100000_a0.3_b1p0_g3p0_ul_initI2_step2375,w2_n512_h5e-06_T100000_a0.3_b1p0_g3p0_ul_initI2_step2375_chain0,d_sqrt_ge_0p1,21088,,,,
chain,w2_n512_h5e-06_T100000_a0.3_b1p0_g3p0_ul_initI2_step2375,w2_n512_h5e-06_T100000_a0.3_b1p0_g3p0_ul_initI2_step2375_chain0,d_sqrt_ge_0p15,32540,,,,
chain,w2_n512_h5e-06_T100000_a0.3_b1p0_g3p0_ul_initI2_step2375,w2_n512_h5e-06_T100000_a0.3_b1p0_g3p0_ul_initI2_step2375_chain0,ou_ge_0p03,11270,,,,
chain,w2_n512_h5e-06_T100000_a0.3_b1p0_g3p0_ul_initI2_step2375,w2_n512_h5e-06_T100000_a0.3_b1p0_g3p0_ul_initI2_step2375_chain0,ou_ge_0p06,23223,,,,
chain,w2_n512_h5e-06_T100000_a0.3_b1p0_g3p0_ul_initI2_step2375,w2_n512_h5e-06_T100000_a0.3_b1p0_g3p0_ul_initI2_step2375_chain0,ou_ge_0p09,35940,,,,
chain,w2_n512_h5e-06_T100000_a0.3_b1p0_g3p0_ul_initI2_step2375,w2_n512_h5e-06_T100000_a0.3_b1p0_g3p0_ul_initI2_step2375_chain0,nll_ge_init_plus_0p25,2890,,,,
chain,w2_n512_h5e-06_T100000_a0.3_b1p0_g3p0_ul_initI2_step2375,w2_n512_h5e-06_T100000_a0.3_b1p0_g3p0_ul_initI2_step2375_chain0,nll_ge_init_plus_0p5,5164,,,,
chain,w2_n512_h5e-06_T100000_a0.3_b1p0_g3p0_ul_initI2_step2375,w2_n512_h5e-06_T100000_a0.3_b1p0_g3p0_ul_initI2_step2375_chain0,f_margin_le_init_minus_0p5,2226,,,,
chain,w2_n512_h5e-06_T100000_a0.3_b1p0_g3p0_ul_initI2_step2375,w2_n512_h5e-06_T100000_a0.3_b1p0_g3p0_ul_initI2_step2375_chain0,f_margin_le_init_minus_1,4484,,,,
chain,w2_n512_h5e-06_T100000_a0.3_b1p0_g3p0_ul_initI2_step2375,w2_n512_h5e-06_T100000_a0.3_b1p0_g3p0_ul_initI2_step2375_chain0,nll_abs_ge_1p45,13204,,,,
chain,w2_n512_h5e-06_T100000_a0.3_b1p0_g3p0_ul_initI2_step2375,w2_n512_h5e-06_T100000_a0.3_b1p0_g3p0_ul_initI2_step2375_chain0,nll_abs_ge_1p55,17236,,,,
chain,w2_n512_h5e-06_T100000_a0.3_b1p0_g3p0_ul_initI2_step2375,w2_n512_h5e-06_T100000_a0.3_b1p0_g3p0_ul_initI2_step2375_chain0,nll_abs_ge_1p7,,,,,
chain,w2_n512_h5e-06_T100000_a0.3_b1p0_g3p0_ul_initI2_step2375,w2_n512_h5e-06_T100000_a0.3_b1p0_g3p0_ul_initI2_step2375_chain0,f_margin_abs_le_m0p2,21355,,,,
chain,w2_n512_h5e-06_T100000_a0.3_b1p0_g3p0_ul_initI2_step2375,w2_n512_h5e-06_T100000_a0.3_b1p0_g3p0_ul_initI2_step2375_chain0,f_margin_abs_le_m0p3,73693,,,,
chain,w2_n512_h5e-06_T100000_a0.3_b1p0_g3p0_ul_initI2_step2375,w2_n512_h5e-06_T100000_a0.3_b1p0_g3p0_ul_initI2_step2375_chain0,f_margin_abs_le_m0p38,,,,,
chain,w2_n512_h5e-06_T100000_a0.3_b1p0_g3p0_ul_initI2_step2375,w2_n512_h5e-06_T100000_a0.3_b1p0_g3p0_ul_initI2_step2375_chain1,d_sqrt_ge_0p05,10274,,,,
chain,w2_n512_h5e-06_T100000_a0.3_b1p0_g3p0_ul_initI2_step2375,w2_n512_h5e-06_T100000_a0.3_b1p0_g3p0_ul_initI2_step2375_chain1,d_sqrt_ge_0p1,21123,,,,
chain,w2_n512_h5e-06_T100000_a0.3_b1p0_g3p0_ul_initI2_step2375,w2_n512_h5e-06_T100000_a0.3_b1p0_g3p0_ul_initI2_step2375_chain1,d_sqrt_ge_0p15,32568,,,,
chain,w2_n512_h5e-06_T100000_a0.3_b1p0_g3p0_ul_initI2_step2375,w2_n512_h5e-06_T100000_a0.3_b1p0_g3p0_ul_initI2_step2375_chain1,ou_ge_0p03,11284,,,,
chain,w2_n512_h5e-06_T100000_a0.3_b1p0_g3p0_ul_initI2_step2375,w2_n512_h5e-06_T100000_a0.3_b1p0_g3p0_ul_initI2_step2375_chain1,ou_ge_0p06,23259,,,,
chain,w2_n512_h5e-06_T100000_a0.3_b1p0_g3p0_ul_initI2_step2375,w2_n512_h5e-06_T100000_a0.3_b1p0_g3p0_ul_initI2_step2375_chain1,ou_ge_0p09,35966,,,,
chain,w2_n512_h5e-06_T100000_a0.3_b1p0_g3p0_ul_initI2_step2375,w2_n512_h5e-06_T100000_a0.3_b1p0_g3p0_ul_initI2_step2375_chain1,nll_ge_init_plus_0p25,2947,,,,
chain,w2_n512_h5e-06_T100000_a0.3_b1p0_g3p0_ul_initI2_step2375,w2_n512_h5e-06_T100000_a0.3_b1p0_g3p0_ul_initI2_step2375_chain1,nll_ge_init_plus_0p5,4994,,,,
chain,w2_n512_h5e-06_T100000_a0.3_b1p0_g3p0_ul_initI2_step2375,w2_n512_h5e-06_T100000_a0.3_b1p0_g3p0_ul_initI2_step2375_chain1,f_margin_le_init_minus_0p5,2287,,,,
chain,w2_n512_h5e-06_T100000_a0.3_b1p0_g3p0_ul_initI2_step2375,w2_n512_h5e-06_T100000_a0.3_b1p0_g3p0_ul_initI2_step2375_chain1,f_margin_le_init_minus_1,4285,,,,
chain,w2_n512_h5e-06_T100000_a0.3_b1p0_g3p0_ul_initI2_step2375,w2_n512_h5e-06_T100000_a0.3_b1p0_g3p0_ul_initI2_step2375_chain1,nll_abs_ge_1p45,12568,,,,
chain,w2_n512_h5e-06_T100000_a0.3_b1p0_g3p0_ul_initI2_step2375,w2_n512_h5e-06_T100000_a0.3_b1p0_g3p0_ul_initI2_step2375_chain1,nll_abs_ge_1p55,16307,,,,
chain,w2_n512_h5e-06_T100000_a0.3_b1p0_g3p0_ul_initI2_step2375,w2_n512_h5e-06_T100000_a0.3_b1p0_g3p0_ul_initI2_step2375_chain1,nll_abs_ge_1p7,,,,,
chain,w2_n512_h5e-06_T100000_a0.3_b1p0_g3p0_ul_initI2_step2375,w2_n512_h5e-06_T100000_a0.3_b1p0_g3p0_ul_initI2_step2375_chain1,f_margin_abs_le_m0p2,22467,,,,
chain,w2_n512_h5e-06_T100000_a0.3_b1p0_g3p0_ul_initI2_step2375,w2_n512_h5e-06_T100000_a0.3_b1p0_g3p0_ul_initI2_step2375_chain1,f_margin_abs_le_m0p3,47504,,,,
chain,w2_n512_h5e-06_T100000_a0.3_b1p0_g3p0_ul_initI2_step2375,w2_n512_h5e-06_T100000_a0.3_b1p0_g3p0_ul_initI2_step2375_chain1,f_margin_abs_le_m0p38,,,,,
chain,w2_n512_h5e-06_T100000_a0.3_b1p0_g3p0_ul_initI2_step2375,w2_n512_h5e-06_T100000_a0.3_b1p0_g3p0_ul_initI2_step2375_chain2,d_sqrt_ge_0p05,10270,,,,
chain,w2_n512_h5e-06_T100000_a0.3_b1p0_g3p0_ul_initI2_step2375,w2_n512_h5e-06_T100000_a0.3_b1p0_g3p0_ul_initI2_step2375_chain2,d_sqrt_ge_0p1,21126,,,,
chain,w2_n512_h5e-06_T100000_a0.3_b1p0_g3p0_ul_initI2_step2375,w2_n512_h5e-06_T100000_a0.3_b1p0_g3p0_ul_initI2_step2375_chain2,d_sqrt_ge_0p15,32584,,,,
chain,w2_n512_h5e-06_T100000_a0.3_b1p0_g3p0_ul_initI2_step2375,w2_n512_h5e-06_T100000_a0.3_b1p0_g3p0_ul_initI2_step2375_chain2,ou_ge_0p03,11281,,,,
chain,w2_n512_h5e-06_T100000_a0.3_b1p0_g3p0_ul_initI2_step2375,w2_n512_h5e-06_T100000_a0.3_b1p0_g3p0_ul_initI2_step2375_chain2,ou_ge_0p06,23266,,,,
chain,w2_n512_h5e-06_T100000_a0.3_b1p0_g3p0_ul_initI2_step2375,w2_n512_h5e-06_T100000_a0.3_b1p0_g3p0_ul_initI2_step2375_chain2,ou_ge_0p09,35982,,,,
chain,w2_n512_h5e-06_T100000_a0.3_b1p0_g3p0_ul_initI2_step2375,w2_n512_h5e-06_T100000_a0.3_b1p0_g3p0_ul_initI2_step2375_chain2,nll_ge_init_plus_0p25,3040,,,,
chain,w2_n512_h5e-06_T100000_a0.3_b1p0_g3p0_ul_initI2_step2375,w2_n512_h5e-06_T100000_a0.3_b1p0_g3p0_ul_initI2_step2375_chain2,nll_ge_init_plus_0p5,5208,,,,
chain,w2_n512_h5e-06_T100000_a0.3_b1p0_g3p0_ul_initI2_step2375,w2_n512_h5e-06_T100000_a0.3_b1p0_g3p0_ul_initI2_step2375_chain2,f_margin_le_init_minus_0p5,2173,,,,
chain,w2_n512_h5e-06_T100000_a0.3_b1p0_g3p0_ul_initI2_step2375,w2_n512_h5e-06_T100000_a0.3_b1p0_g3p0_ul_initI2_step2375_chain2,f_margin_le_init_minus_1,4436,,,,
chain,w2_n512_h5e-06_T100000_a0.3_b1p0_g3p0_ul_initI2_step2375,w2_n512_h5e-06_T100000_a0.3_b1p0_g3p0_ul_initI2_step2375_chain2,nll_abs_ge_1p45,14012,,,,
chain,w2_n512_h5e-06_T100000_a0.3_b1p0_g3p0_ul_initI2_step2375,w2_n512_h5e-06_T100000_a0.3_b1p0_g3p0_ul_initI2_step2375_chain2,nll_abs_ge_1p55,19620,,,,
chain,w2_n512_h5e-06_T100000_a0.3_b1p0_g3p0_ul_initI2_step2375,w2_n512_h5e-06_T100000_a0.3_b1p0_g3p0_ul_initI2_step2375_chain2,nll_abs_ge_1p7,,,,,
chain,w2_n512_h5e-06_T100000_a0.3_b1p0_g3p0_ul_initI2_step2375,w2_n512_h5e-06_T100000_a0.3_b1p0_g3p0_ul_initI2_step2375_chain2,f_margin_abs_le_m0p2,23738,,,,
chain,w2_n512_h5e-06_T100000_a0.3_b1p0_g3p0_ul_initI2_step2375,w2_n512_h5e-06_T100000_a0.3_b1p0_g3p0_ul_initI2_step2375_chain2,f_margin_abs_le_m0p3,,,,,
chain,w2_n512_h5e-06_T100000_a0.3_b1p0_g3p0_ul_initI2_step2375,w2_n512_h5e-06_T100000_a0.3_b1p0_g3p0_ul_initI2_step2375_chain2,f_margin_abs_le_m0p38,,,,,
chain,w2_n512_h5e-06_T100000_a0.3_b1p0_g3p0_ul_initI2_step2375,w2_n512_h5e-06_T100000_a0.3_b1p0_g3p0_ul_initI2_step2375_chain3,d_sqrt_ge_0p05,10281,,,,
chain,w2_n512_h5e-06_T100000_a0.3_b1p0_g3p0_ul_initI2_step2375,w2_n512_h5e-06_T100000_a0.3_b1p0_g3p0_ul_initI2_step2375_chain3,d_sqrt_ge_0p1,21130,,,,
chain,w2_n512_h5e-06_T100000_a0.3_b1p0_g3p0_ul_initI2_step2375,w2_n512_h5e-06_T100000_a0.3_b1p0_g3p0_ul_initI2_step2375_chain3,d_sqrt_ge_0p15,32581,,,,
chain,w2_n512_h5e-06_T100000_a0.3_b1p0_g3p0_ul_initI2_step2375,w2_n512_h5e-06_T100000_a0.3_b1p0_g3p0_ul_initI2_step2375_chain3,ou_ge_0p03,11291,,,,
chain,w2_n512_h5e-06_T100000_a0.3_b1p0_g3p0_ul_initI2_step2375,w2_n512_h5e-06_T100000_a0.3_b1p0_g3p0_ul_initI2_step2375_chain3,ou_ge_0p06,23267,,,,
chain,w2_n512_h5e-06_T100000_a0.3_b1p0_g3p0_ul_initI2_step2375,w2_n512_h5e-06_T100000_a0.3_b1p0_g3p0_ul_initI2_step2375_chain3,ou_ge_0p09,35984,,,,
chain,w2_n512_h5e-06_T100000_a0.3_b1p0_g3p0_ul_initI2_step2375,w2_n512_h5e-06_T100000_a0.3_b1p0_g3p0_ul_initI2_step2375_chain3,nll_ge_init_plus_0p25,2947,,,,
chain,w2_n512_h5e-06_T100000_a0.3_b1p0_g3p0_ul_initI2_step2375,w2_n512_h5e-06_T100000_a0.3_b1p0_g3p0_ul_initI2_step2375_chain3,nll_ge_init_plus_0p5,5020,,,,
chain,w2_n512_h5e-06_T100000_a0.3_b1p0_g3p0_ul_initI2_step2375,w2_n512_h5e-06_T100000_a0.3_b1p0_g3p0_ul_initI2_step2375_chain3,f_margin_le_init_minus_0p5,2368,,,,
chain,w2_n512_h5e-06_T100000_a0.3_b1p0_g3p0_ul_initI2_step2375,w2_n512_h5e-06_T100000_a0.3_b1p0_g3p0_ul_initI2_step2375_chain3,f_margin_le_init_minus_1,4439,,,,
chain,w2_n512_h5e-06_T100000_a0.3_b1p0_g3p0_ul_initI2_step2375,w2_n512_h5e-06_T100000_a0.3_b1p0_g3p0_ul_initI2_step2375_chain3,nll_abs_ge_1p45,13725,,,,
chain,w2_n512_h5e-06_T100000_a0.3_b1p0_g3p0_ul_initI2_step2375,w2_n512_h5e-06_T100000_a0.3_b1p0_g3p0_ul_initI2_step2375_chain3,nll_abs_ge_1p55,19000,,,,
chain,w2_n512_h5e-06_T100000_a0.3_b1p0_g3p0_ul_initI2_step2375,w2_n512_h5e-06_T100000_a0.3_b1p0_g3p0_ul_initI2_step2375_chain3,nll_abs_ge_1p7,,,,,
chain,w2_n512_h5e-06_T100000_a0.3_b1p0_g3p0_ul_initI2_step2375,w2_n512_h5e-06_T100000_a0.3_b1p0_g3p0_ul_initI2_step2375_chain3,f_margin_abs_le_m0p2,24653,,,,
chain,w2_n512_h5e-06_T100000_a0.3_b1p0_g3p0_ul_initI2_step2375,w2_n512_h5e-06_T100000_a0.3_b1p0_g3p0_ul_initI2_step2375_chain3,f_margin_abs_le_m0p3,,,,,
chain,w2_n512_h5e-06_T100000_a0.3_b1p0_g3p0_ul_initI2_step2375,w2_n512_h5e-06_T100000_a0.3_b1p0_g3p0_ul_initI2_step2375_chain3,f_margin_abs_le_m0p38,,,,,
summary,w2_n512_h5e-06_T100000_a0.3_b1p0_g3p0_ul_initI2_step2375,,d_sqrt_ge_0p05,,10271.75,7.932002689527196,4,
summary,w2_n512_h5e-06_T100000_a0.3_b1p0_g3p0_ul_initI2_step2375,,d_sqrt_ge_0p1,,21116.75,19.379972480200617,4,
summary,w2_n512_h5e-06_T100000_a0.3_b1p0_g3p0_ul_initI2_step2375,,d_sqrt_ge_0p15,,32568.25,20.072784228070272,4,
summary,w2_n512_h5e-06_T100000_a0.3_b1p0_g3p0_ul_initI2_step2375,,ou_ge_0p03,,11281.5,8.736894948054104,4,
summary,w2_n512_h5e-06_T100000_a0.3_b1p0_g3p0_ul_initI2_step2375,,ou_ge_0p06,,23253.75,20.80664957811965,4,
summary,w2_n512_h5e-06_T100000_a0.3_b1p0_g3p0_ul_initI2_step2375,,ou_ge_0p09,,35968.0,20.33060090930254,4,
summary,w2_n512_h5e-06_T100000_a0.3_b1p0_g3p0_ul_initI2_step2375,,nll_ge_init_plus_0p25,,2956.0,62.112800613078136,4,
summary,w2_n512_h5e-06_T100000_a0.3_b1p0_g3p0_ul_initI2_step2375,,nll_ge_init_plus_0p5,,5096.5,105.43086202183243,4,
summary,w2_n512_h5e-06_T100000_a0.3_b1p0_g3p0_ul_initI2_step2375,,f_margin_le_init_minus_0p5,,2263.5,83.80334122217323,4,
summary,w2_n512_h5e-06_T100000_a0.3_b1p0_g3p0_ul_initI2_step2375,,f_margin_le_init_minus_1,,4411.0,86.82165628459296,4,
summary,w2_n512_h5e-06_T100000_a0.3_b1p0_g3p0_ul_initI2_step2375,,nll_abs_ge_1p45,,13377.25,634.7542175257024,4,
summary,w2_n512_h5e-06_T100000_a0.3_b1p0_g3p0_ul_initI2_step2375,,nll_abs_ge_1p55,,18040.75,1534.8944317661285,4,
summary,w2_n512_h5e-06_T100000_a0.3_b1p0_g3p0_ul_initI2_step2375,,nll_abs_ge_1p7,,nan,nan,4,
summary,w2_n512_h5e-06_T100000_a0.3_b1p0_g3p0_ul_initI2_step2375,,f_margin_abs_le_m0p2,,23053.25,1444.0481005377442,4,
summary,w2_n512_h5e-06_T100000_a0.3_b1p0_g3p0_ul_initI2_step2375,,f_margin_abs_le_m0p3,,60598.5,18518.419492494493,4,
summary,w2_n512_h5e-06_T100000_a0.3_b1p0_g3p0_ul_initI2_step2375,,f_margin_abs_le_m0p38,,nan,nan,4,
rhat,w2_n512_h5e-06_T100000_a0.3_b1p0_g3p0_ul_initI2_step2375,,rhat_aligned_d_sqrt_ge_0p05_f_nll,,,,4,1.0914794653932642
rhat,w2_n512_h5e-06_T100000_a0.3_b1p0_g3p0_ul_initI2_step2375,,rhat_aligned_d_sqrt_ge_0p1_f_nll,,,,4,1.7040145760736136
rhat,w2_n512_h5e-06_T100000_a0.3_b1p0_g3p0_ul_initI2_step2375,,rhat_aligned_d_sqrt_ge_0p15_f_nll,,,,4,1.8576613206108017
rhat,w2_n512_h5e-06_T100000_a0.3_b1p0_g3p0_ul_initI2_step2375,,rhat_aligned_ou_ge_0p03_f_nll,,,,4,1.1320576076059226
rhat,w2_n512_h5e-06_T100000_a0.3_b1p0_g3p0_ul_initI2_step2375,,rhat_aligned_ou_ge_0p06_f_nll,,,,4,1.7112049670619038
rhat,w2_n512_h5e-06_T100000_a0.3_b1p0_g3p0_ul_initI2_step2375,,rhat_aligned_ou_ge_0p09_f_nll,,,,4,1.9431397491261324
rhat,w2_n512_h5e-06_T100000_a0.3_b1p0_g3p0_ul_initI2_step2375,,rhat_aligned_nll_ge_init_plus_0p25_f_nll,,,,4,1.0064750704882104
rhat,w2_n512_h5e-06_T100000_a0.3_b1p0_g3p0_ul_initI2_step2375,,rhat_aligned_nll_ge_init_plus_0p5_f_nll,,,,4,1.0132269317408171
rhat,w2_n512_h5e-06_T100000_a0.3_b1p0_g3p0_ul_initI2_step2375,,rhat_aligned_f_margin_le_init_minus_0p5_f_nll,,,,4,1.0052896588764206
rhat,w2_n512_h5e-06_T100000_a0.3_b1p0_g3p0_ul_initI2_step2375,,rhat_aligned_f_margin_le_init_minus_1_f_nll,,,,4,1.0101610017493996
rhat,w2_n512_h5e-06_T100000_a0.3_b1p0_g3p0_ul_initI2_step2375,,rhat_aligned_nll_abs_ge_1p45_f_nll,,,,4,1.237602838153966
rhat,w2_n512_h5e-06_T100000_a0.3_b1p0_g3p0_ul_initI2_step2375,,rhat_aligned_nll_abs_ge_1p55_f_nll,,,,4,1.5894229211704565
rhat,w2_n512_h5e-06_T100000_a0.3_b1p0_g3p0_ul_initI2_step2375,,rhat_aligned_f_margin_abs_le_m0p2_f_nll,,,,4,1.7237855462490925
rhat,w2_n512_h5e-06_T100000_a0.3_b1p0_g3p0_ul_initI2_step2375,,rhat_aligned_f_margin_abs_le_m0p3_f_nll,,,,2,2.583382876751362
chain,w2_n512_h5e-06_T100000_a0.3_b1p0_g3p0_ul_initI2_step2475,w2_n512_h5e-06_T100000_a0.3_b1p0_g3p0_ul_initI2_step2475_chain0,d_sqrt_ge_0p05,10264,,,,
chain,w2_n512_h5e-06_T100000_a0.3_b1p0_g3p0_ul_initI2_step2475,w2_n512_h5e-06_T100000_a0.3_b1p0_g3p0_ul_initI2_step2475_chain0,d_sqrt_ge_0p1,21092,,,,
chain,w2_n512_h5e-06_T100000_a0.3_b1p0_g3p0_ul_initI2_step2475,w2_n512_h5e-06_T100000_a0.3_b1p0_g3p0_ul_initI2_step2475_chain0,d_sqrt_ge_0p15,32547,,,,
chain,w2_n512_h5e-06_T100000_a0.3_b1p0_g3p0_ul_initI2_step2475,w2_n512_h5e-06_T100000_a0.3_b1p0_g3p0_ul_initI2_step2475_chain0,ou_ge_0p03,11272,,,,
chain,w2_n512_h5e-06_T100000_a0.3_b1p0_g3p0_ul_initI2_step2475,w2_n512_h5e-06_T100000_a0.3_b1p0_g3p0_ul_initI2_step2475_chain0,ou_ge_0p06,23228,,,,
chain,w2_n512_h5e-06_T100000_a0.3_b1p0_g3p0_ul_initI2_step2475,w2_n512_h5e-06_T100000_a0.3_b1p0_g3p0_ul_initI2_step2475_chain0,ou_ge_0p09,35947,,,,
chain,w2_n512_h5e-06_T100000_a0.3_b1p0_g3p0_ul_initI2_step2475,w2_n512_h5e-06_T100000_a0.3_b1p0_g3p0_ul_initI2_step2475_chain0,nll_ge_init_plus_0p25,2504,,,,
chain,w2_n512_h5e-06_T100000_a0.3_b1p0_g3p0_ul_initI2_step2475,w2_n512_h5e-06_T100000_a0.3_b1p0_g3p0_ul_initI2_step2475_chain0,nll_ge_init_plus_0p5,4333,,,,
chain,w2_n512_h5e-06_T100000_a0.3_b1p0_g3p0_ul_initI2_step2475,w2_n512_h5e-06_T100000_a0.3_b1p0_g3p0_ul_initI2_step2475_chain0,f_margin_le_init_minus_0p5,1459,,,,
chain,w2_n512_h5e-06_T100000_a0.3_b1p0_g3p0_ul_initI2_step2475,w2_n512_h5e-06_T100000_a0.3_b1p0_g3p0_ul_initI2_step2475_chain0,f_margin_le_init_minus_1,2708,,,,
chain,w2_n512_h5e-06_T100000_a0.3_b1p0_g3p0_ul_initI2_step2475,w2_n512_h5e-06_T100000_a0.3_b1p0_g3p0_ul_initI2_step2475_chain0,nll_abs_ge_1p45,14744,,,,
chain,w2_n512_h5e-06_T100000_a0.3_b1p0_g3p0_ul_initI2_step2475,w2_n512_h5e-06_T100000_a0.3_b1p0_g3p0_ul_initI2_step2475_chain0,nll_abs_ge_1p55,20106,,,,
chain,w2_n512_h5e-06_T100000_a0.3_b1p0_g3p0_ul_initI2_step2475,w2_n512_h5e-06_T100000_a0.3_b1p0_g3p0_ul_initI2_step2475_chain0,nll_abs_ge_1p7,,,,,
chain,w2_n512_h5e-06_T100000_a0.3_b1p0_g3p0_ul_initI2_step2475,w2_n512_h5e-06_T100000_a0.3_b1p0_g3p0_ul_initI2_step2475_chain0,f_margin_abs_le_m0p2,24826,,,,
chain,w2_n512_h5e-06_T100000_a0.3_b1p0_g3p0_ul_initI2_step2475,w2_n512_h5e-06_T100000_a0.3_b1p0_g3p0_ul_initI2_step2475_chain0,f_margin_abs_le_m0p3,71900,,,,
chain,w2_n512_h5e-06_T100000_a0.3_b1p0_g3p0_ul_initI2_step2475,w2_n512_h5e-06_T100000_a0.3_b1p0_g3p0_ul_initI2_step2475_chain0,f_margin_abs_le_m0p38,,,,,
chain,w2_n512_h5e-06_T100000_a0.3_b1p0_g3p0_ul_initI2_step2475,w2_n512_h5e-06_T100000_a0.3_b1p0_g3p0_ul_initI2_step2475_chain1,d_sqrt_ge_0p05,10275,,,,
chain,w2_n512_h5e-06_T100000_a0.3_b1p0_g3p0_ul_initI2_step2475,w2_n512_h5e-06_T100000_a0.3_b1p0_g3p0_ul_initI2_step2475_chain1,d_sqrt_ge_0p1,21127,,,,
chain,w2_n512_h5e-06_T100000_a0.3_b1p0_g3p0_ul_initI2_step2475,w2_n512_h5e-06_T100000_a0.3_b1p0_g3p0_ul_initI2_step2475_chain1,d_sqrt_ge_0p15,32576,,,,
chain,w2_n512_h5e-06_T100000_a0.3_b1p0_g3p0_ul_initI2_step2475,w2_n512_h5e-06_T100000_a0.3_b1p0_g3p0_ul_initI2_step2475_chain1,ou_ge_0p03,11286,,,,
chain,w2_n512_h5e-06_T100000_a0.3_b1p0_g3p0_ul_initI2_step2475,w2_n512_h5e-06_T100000_a0.3_b1p0_g3p0_ul_initI2_step2475_chain1,ou_ge_0p06,23263,,,,
chain,w2_n512_h5e-06_T100000_a0.3_b1p0_g3p0_ul_initI2_step2475,w2_n512_h5e-06_T100000_a0.3_b1p0_g3p0_ul_initI2_step2475_chain1,ou_ge_0p09,35974,,,,
chain,w2_n512_h5e-06_T100000_a0.3_b1p0_g3p0_ul_initI2_step2475,w2_n512_h5e-06_T100000_a0.3_b1p0_g3p0_ul_initI2_step2475_chain1,nll_ge_init_plus_0p25,2536,,,,
chain,w2_n512_h5e-06_T100000_a0.3_b1p0_g3p0_ul_initI2_step2475,w2_n512_h5e-06_T100000_a0.3_b1p0_g3p0_ul_initI2_step2475_chain1,nll_ge_init_plus_0p5,4331,,,,
chain,w2_n512_h5e-06_T100000_a0.3_b1p0_g3p0_ul_initI2_step2475,w2_n512_h5e-06_T100000_a0.3_b1p0_g3p0_ul_initI2_step2475_chain1,f_margin_le_init_minus_0p5,1588,,,,
chain,w2_n512_h5e-06_T100000_a0.3_b1p0_g3p0_ul_initI2_step2475,w2_n512_h5e-06_T100000_a0.3_b1p0_g3p0_ul_initI2_step2475_chain1,f_margin_le_init_minus_1,2705,,,,
chain,w2_n512_h5e-06_T100000_a0.3_b1p0_g3p0_ul_initI2_step2475,w2_n512_h5e-06_T100000_a0.3_b1p0_g3p0_ul_initI2_step2475_chain1,nll_abs_ge_1p45,14209,,,,
chain,w2_n512_h5e-06_T100000_a0.3_b1p0_g3p0_ul_initI2_step2475,w2_n512_h5e-06_T100000_a0.3_b1p0_g3p0_ul_initI2_step2475_chain1,nll_abs_ge_1p55,19046,,,,
chain,w2_n512_h5e-06_T100000_a0.3_b1p0_g3p0_ul_initI2_step2475,w2_n512_h5e-06_T100000_a0.3_b1p0_g3p0_ul_initI2_step2475_chain1,nll_abs_ge_1p7,,,,,
chain,w2_n512_h5e-06_T100000_a0.3_b1p0_g3p0_ul_initI2_step2475,w2_n512_h5e-06_T100000_a0.3_b1p0_g3p0_ul_initI2_step2475_chain1,f_margin_abs_le_m0p2,26455,,,,
chain,w2_n512_h5e-06_T100000_a0.3_b1p0_g3p0_ul_initI2_step2475,w2_n512_h5e-06_T100000_a0.3_b1p0_g3p0_ul_initI2_step2475_chain1,f_margin_abs_le_m0p3,93661,,,,
chain,w2_n512_h5e-06_T100000_a0.3_b1p0_g3p0_ul_initI2_step2475,w2_n512_h5e-06_T100000_a0.3_b1p0_g3p0_ul_initI2_step2475_chain1,f_margin_abs_le_m0p38,,,,,
chain,w2_n512_h5e-06_T100000_a0.3_b1p0_g3p0_ul_initI2_step2475,w2_n512_h5e-06_T100000_a0.3_b1p0_g3p0_ul_initI2_step2475_chain2,d_sqrt_ge_0p05,10272,,,,
chain,w2_n512_h5e-06_T100000_a0.3_b1p0_g3p0_ul_initI2_step2475,w2_n512_h5e-06_T100000_a0.3_b1p0_g3p0_ul_initI2_step2475_chain2,d_sqrt_ge_0p1,21131,,,,
chain,w2_n512_h5e-06_T100000_a0.3_b1p0_g3p0_ul_initI2_step2475,w2_n512_h5e-06_T100000_a0.3_b1p0_g3p0_ul_initI2_step2475_chain2,d_sqrt_ge_0p15,32591,,,,
chain,w2_n512_h5e-06_T100000_a0.3_b1p0_g3p0_ul_initI2_step2475,w2_n512_h5e-06_T100000_a0.3_b1p0_g3p0_ul_initI2_step2475_chain2,ou_ge_0p03,11283,,,,
chain,w2_n512_h5e-06_T100000_a0.3_b1p0_g3p0_ul_initI2_step2475,w2_n512_h5e-06_T100000_a0.3_b1p0_g3p0_ul_initI2_step2475_chain2,ou_ge_0p06,23271,,,,
chain,w2_n512_h5e-06_T100000_a0.3_b1p0_g3p0_ul_initI2_step2475,w2_n512_h5e-06_T100000_a0.3_b1p0_g3p0_ul_initI2_step2475_chain2,ou_ge_0p09,35990,,,,
chain,w2_n512_h5e-06_T100000_a0.3_b1p0_g3p0_ul_initI2_step2475,w2_n512_h5e-06_T100000_a0.3_b1p0_g3p0_ul_initI2_step2475_chain2,nll_ge_init_plus_0p25,2606,,,,
chain,w2_n512_h5e-06_T100000_a0.3_b1p0_g3p0_ul_initI2_step2475,w2_n512_h5e-06_T100000_a0.3_b1p0_g3p0_ul_initI2_step2475_chain2,nll_ge_init_plus_0p5,4367,,,,
chain,w2_n512_h5e-06_T100000_a0.3_b1p0_g3p0_ul_initI2_step2475,w2_n512_h5e-06_T100000_a0.3_b1p0_g3p0_ul_initI2_step2475_chain2,f_margin_le_init_minus_0p5,1413,,,,
chain,w2_n512_h5e-06_T100000_a0.3_b1p0_g3p0_ul_initI2_step2475,w2_n512_h5e-06_T100000_a0.3_b1p0_g3p0_ul_initI2_step2475_chain2,f_margin_le_init_minus_1,2686,,,,
chain,w2_n512_h5e-06_T100000_a0.3_b1p0_g3p0_ul_initI2_step2475,w2_n512_h5e-06_T100000_a0.3_b1p0_g3p0_ul_initI2_step2475_chain2,nll_abs_ge_1p45,15311,,,,
chain,w2_n512_h5e-06_T100000_a0.3_b1p0_g3p0_ul_initI2_step2475,w2_n512_h5e-06_T100000_a0.3_b1p0_g3p0_ul_initI2_step2475_chain2,nll_abs_ge_1p55,21811,,,,
chain,w2_n512_h5e-06_T100000_a0.3_b1p0_g3p0_ul_initI2_step2475,w2_n512_h5e-06_T100000_a0.3_b1p0_g3p0_ul_initI2_step2475_chain2,nll_abs_ge_1p7,,,,,
chain,w2_n512_h5e-06_T100000_a0.3_b1p0_g3p0_ul_initI2_step2475,w2_n512_h5e-06_T100000_a0.3_b1p0_g3p0_ul_initI2_step2475_chain2,f_margin_abs_le_m0p2,26512,,,,
chain,w2_n512_h5e-06_T100000_a0.3_b1p0_g3p0_ul_initI2_step2475,w2_n512_h5e-06_T100000_a0.3_b1p0_g3p0_ul_initI2_step2475_chain2,f_margin_abs_le_m0p3,,,,,
chain,w2_n512_h5e-06_T100000_a0.3_b1p0_g3p0_ul_initI2_step2475,w2_n512_h5e-06_T100000_a0.3_b1p0_g3p0_ul_initI2_step2475_chain2,f_margin_abs_le_m0p38,,,,,
chain,w2_n512_h5e-06_T100000_a0.3_b1p0_g3p0_ul_initI2_step2475,w2_n512_h5e-06_T100000_a0.3_b1p0_g3p0_ul_initI2_step2475_chain3,d_sqrt_ge_0p05,10283,,,,
chain,w2_n512_h5e-06_T100000_a0.3_b1p0_g3p0_ul_initI2_step2475,w2_n512_h5e-06_T100000_a0.3_b1p0_g3p0_ul_initI2_step2475_chain3,d_sqrt_ge_0p1,21134,,,,
chain,w2_n512_h5e-06_T100000_a0.3_b1p0_g3p0_ul_initI2_step2475,w2_n512_h5e-06_T100000_a0.3_b1p0_g3p0_ul_initI2_step2475_chain3,d_sqrt_ge_0p15,32588,,,,
chain,w2_n512_h5e-06_T100000_a0.3_b1p0_g3p0_ul_initI2_step2475,w2_n512_h5e-06_T100000_a0.3_b1p0_g3p0_ul_initI2_step2475_chain3,ou_ge_0p03,11293,,,,
chain,w2_n512_h5e-06_T100000_a0.3_b1p0_g3p0_ul_initI2_step2475,w2_n512_h5e-06_T100000_a0.3_b1p0_g3p0_ul_initI2_step2475_chain3,ou_ge_0p06,23272,,,,
chain,w2_n512_h5e-06_T100000_a0.3_b1p0_g3p0_ul_initI2_step2475,w2_n512_h5e-06_T100000_a0.3_b1p0_g3p0_ul_initI2_step2475_chain3,ou_ge_0p09,35991,,,,
chain,w2_n512_h5e-06_T100000_a0.3_b1p0_g3p0_ul_initI2_step2475,w2_n512_h5e-06_T100000_a0.3_b1p0_g3p0_ul_initI2_step2475_chain3,nll_ge_init_plus_0p25,2475,,,,
chain,w2_n512_h5e-06_T100000_a0.3_b1p0_g3p0_ul_initI2_step2475,w2_n512_h5e-06_T100000_a0.3_b1p0_g3p0_ul_initI2_step2475_chain3,nll_ge_init_plus_0p5,4233,,,,
chain,w2_n512_h5e-06_T100000_a0.3_b1p0_g3p0_ul_initI2_step2475,w2_n512_h5e-06_T100000_a0.3_b1p0_g3p0_ul_initI2_step2475_chain3,f_margin_le_init_minus_0p5,1377,,,,
chain,w2_n512_h5e-06_T100000_a0.3_b1p0_g3p0_ul_initI2_step2475,w2_n512_h5e-06_T100000_a0.3_b1p0_g3p0_ul_initI2_step2475_chain3,f_margin_le_init_minus_1,2707,,,,
chain,w2_n512_h5e-06_T100000_a0.3_b1p0_g3p0_ul_initI2_step2475,w2_n512_h5e-06_T100000_a0.3_b1p0_g3p0_ul_initI2_step2475_chain3,nll_abs_ge_1p45,15500,,,,
chain,w2_n512_h5e-06_T100000_a0.3_b1p0_g3p0_ul_initI2_step2475,w2_n512_h5e-06_T100000_a0.3_b1p0_g3p0_ul_initI2_step2475_chain3,nll_abs_ge_1p55,22527,,,,
chain,w2_n512_h5e-06_T100000_a0.3_b1p0_g3p0_ul_initI2_step2475,w2_n512_h5e-06_T100000_a0.3_b1p0_g3p0_ul_initI2_step2475_chain3,nll_abs_ge_1p7,,,,,
chain,w2_n512_h5e-06_T100000_a0.3_b1p0_g3p0_ul_initI2_step2475,w2_n512_h5e-06_T100000_a0.3_b1p0_g3p0_ul_initI2_step2475_chain3,f_margin_abs_le_m0p2,25476,,,,
chain,w2_n512_h5e-06_T100000_a0.3_b1p0_g3p0_ul_initI2_step2475,w2_n512_h5e-06_T100000_a0.3_b1p0_g3p0_ul_initI2_step2475_chain3,f_margin_abs_le_m0p3,,,,,
chain,w2_n512_h5e-06_T100000_a0.3_b1p0_g3p0_ul_initI2_step2475,w2_n512_h5e-06_T100000_a0.3_b1p0_g3p0_ul_initI2_step2475_chain3,f_margin_abs_le_m0p38,,,,,
summary,w2_n512_h5e-06_T100000_a0.3_b1p0_g3p0_ul_initI2_step2475,,d_sqrt_ge_0p05,,10273.5,7.852812659593164,4,
summary,w2_n512_h5e-06_T100000_a0.3_b1p0_g3p0_ul_initI2_step2475,,d_sqrt_ge_0p1,,21121.0,19.544820285692065,4,
summary,w2_n512_h5e-06_T100000_a0.3_b1p0_g3p0_ul_initI2_step2475,,d_sqrt_ge_0p15,,32575.5,20.074859899884732,4,
summary,w2_n512_h5e-06_T100000_a0.3_b1p0_g3p0_ul_initI2_step2475,,ou_ge_0p03,,11283.5,8.736894948054104,4,
summary,w2_n512_h5e-06_T100000_a0.3_b1p0_g3p0_ul_initI2_step2475,,ou_ge_0p06,,23258.5,20.728402414722336,4,
summary,w2_n512_h5e-06_T100000_a0.3_b1p0_g3p0_ul_initI2_step2475,,ou_ge_0p09,,35975.5,20.534523775015252,4,
summary,w2_n512_h5e-06_T100000_a0.3_b1p0_g3p0_ul_initI2_step2475,,nll_ge_init_plus_0p25,,2530.25,56.310892966340596,4,
summary,w2_n512_h5e-06_T100000_a0.3_b1p0_g3p0_ul_initI2_step2475,,nll_ge_init_plus_0p5,,4316.0,57.746572769876714,4,
summary,w2_n512_h5e-06_T100000_a0.3_b1p0_g3p0_ul_initI2_step2475,,f_margin_le_init_minus_0p5,,1459.25,92.16063874199948,4,
summary,w2_n512_h5e-06_T100000_a0.3_b1p0_g3p0_ul_initI2_step2475,,f_margin_le_init_minus_1,,2701.5,10.408329997330663,4,
summary,w2_n512_h5e-06_T100000_a0.3_b1p0_g3p0_ul_initI2_step2475,,nll_abs_ge_1p45,,14941.0,584.2413884688417,4,
summary,w2_n512_h5e-06_T100000_a0.3_b1p0_g3p0_ul_initI2_step2475,,nll_abs_ge_1p55,,20872.5,1585.5363971434608,4,
summary,w2_n512_h5e-06_T100000_a0.3_b1p0_g3p0_ul_initI2_step2475,,nll_abs_ge_1p7,,nan,nan,4,
summary,w2_n512_h5e-06_T100000_a0.3_b1p0_g3p0_ul_initI2_step2475,,f_margin_abs_le_m0p2,,25817.25,814.1315925573703,4,
summary,w2_n512_h5e-06_T100000_a0.3_b1p0_g3p0_ul_initI2_step2475,,f_margin_abs_le_m0p3,,82780.5,15387.350665400461,4,
summary,w2_n512_h5e-06_T100000_a0.3_b1p0_g3p0_ul_initI2_step2475,,f_margin_abs_le_m0p38,,nan,nan,4,
rhat,w2_n512_h5e-06_T100000_a0.3_b1p0_g3p0_ul_initI2_step2475,,rhat_aligned_d_sqrt_ge_0p05_f_nll,,,,4,1.0324665727274716
rhat,w2_n512_h5e-06_T100000_a0.3_b1p0_g3p0_ul_initI2_step2475,,rhat_aligned_d_sqrt_ge_0p1_f_nll,,,,4,1.5435218416429488
rhat,w2_n512_h5e-06_T100000_a0.3_b1p0_g3p0_ul_initI2_step2475,,rhat_aligned_d_sqrt_ge_0p15_f_nll,,,,4,1.578091792990052
rhat,w2_n512_h5e-06_T100000_a0.3_b1p0_g3p0_ul_initI2_step2475,,rhat_aligned_ou_ge_0p03_f_nll,,,,4,1.0465316661901485
rhat,w2_n512_h5e-06_T100000_a0.3_b1p0_g3p0_ul_initI2_step2475,,rhat_aligned_ou_ge_0p06_f_nll,,,,4,1.5777076317697116
rhat,w2_n512_h5e-06_T100000_a0.3_b1p0_g3p0_ul_initI2_step2475,,rhat_aligned_ou_ge_0p09_f_nll,,,,4,1.6230703065300456
rhat,w2_n512_h5e-06_T100000_a0.3_b1p0_g3p0_ul_initI2_step2475,,rhat_aligned_nll_ge_init_plus_0p25_f_nll,,,,4,1.0021379946208515
rhat,w2_n512_h5e-06_T100000_a0.3_b1p0_g3p0_ul_initI2_step2475,,rhat_aligned_nll_ge_init_plus_0p5_f_nll,,,,4,1.0040744005966646
rhat,w2_n512_h5e-06_T100000_a0.3_b1p0_g3p0_ul_initI2_step2475,,rhat_aligned_f_margin_le_init_minus_0p5_f_nll,,,,4,1.001751266549958
rhat,w2_n512_h5e-06_T100000_a0.3_b1p0_g3p0_ul_initI2_step2475,,rhat_aligned_f_margin_le_init_minus_1_f_nll,,,,4,1.0021989457552294
rhat,w2_n512_h5e-06_T100000_a0.3_b1p0_g3p0_ul_initI2_step2475,,rhat_aligned_nll_abs_ge_1p45_f_nll,,,,4,1.1447312574686292
rhat,w2_n512_h5e-06_T100000_a0.3_b1p0_g3p0_ul_initI2_step2475,,rhat_aligned_nll_abs_ge_1p55_f_nll,,,,4,1.4857539333497223
rhat,w2_n512_h5e-06_T100000_a0.3_b1p0_g3p0_ul_initI2_step2475,,rhat_aligned_f_margin_abs_le_m0p2_f_nll,,,,4,1.567517620359495
rhat,w2_n512_h5e-06_T100000_a0.3_b1p0_g3p0_ul_initI2_step2475,,rhat_aligned_f_margin_abs_le_m0p3_f_nll,,,,2,1.1559426489906637
chain,w2_n512_h5e-06_T100000_a0.3_b1p0_g3p0_ul_initI3_sigma0p02,w2_n512_h5e-06_T100000_a0.3_b1p0_g3p0_ul_initI3_sigma0p02_chain0,d_sqrt_ge_0p05,9370,,,,
chain,w2_n512_h5e-06_T100000_a0.3_b1p0_g3p0_ul_initI3_sigma0p02,w2_n512_h5e-06_T100000_a0.3_b1p0_g3p0_ul_initI3_sigma0p02_chain0,d_sqrt_ge_0p1,20602,,,,
chain,w2_n512_h5e-06_T100000_a0.3_b1p0_g3p0_ul_initI3_sigma0p02,w2_n512_h5e-06_T100000_a0.3_b1p0_g3p0_ul_initI3_sigma0p02_chain0,d_sqrt_ge_0p15,32166,,,,
chain,w2_n512_h5e-06_T100000_a0.3_b1p0_g3p0_ul_initI3_sigma0p02,w2_n512_h5e-06_T100000_a0.3_b1p0_g3p0_ul_initI3_sigma0p02_chain0,ou_ge_0p03,10454,,,,
chain,w2_n512_h5e-06_T100000_a0.3_b1p0_g3p0_ul_initI3_sigma0p02,w2_n512_h5e-06_T100000_a0.3_b1p0_g3p0_ul_initI3_sigma0p02_chain0,ou_ge_0p06,22769,,,,
chain,w2_n512_h5e-06_T100000_a0.3_b1p0_g3p0_ul_initI3_sigma0p02,w2_n512_h5e-06_T100000_a0.3_b1p0_g3p0_ul_initI3_sigma0p02_chain0,ou_ge_0p09,35583,,,,
chain,w2_n512_h5e-06_T100000_a0.3_b1p0_g3p0_ul_initI3_sigma0p02,w2_n512_h5e-06_T100000_a0.3_b1p0_g3p0_ul_initI3_sigma0p02_chain0,nll_ge_init_plus_0p25,,,,,
chain,w2_n512_h5e-06_T100000_a0.3_b1p0_g3p0_ul_initI3_sigma0p02,w2_n512_h5e-06_T100000_a0.3_b1p0_g3p0_ul_initI3_sigma0p02_chain0,nll_ge_init_plus_0p5,,,,,
chain,w2_n512_h5e-06_T100000_a0.3_b1p0_g3p0_ul_initI3_sigma0p02,w2_n512_h5e-06_T100000_a0.3_b1p0_g3p0_ul_initI3_sigma0p02_chain0,f_margin_le_init_minus_0p5,,,,,
chain,w2_n512_h5e-06_T100000_a0.3_b1p0_g3p0_ul_initI3_sigma0p02,w2_n512_h5e-06_T100000_a0.3_b1p0_g3p0_ul_initI3_sigma0p02_chain0,f_margin_le_init_minus_1,,,,,
chain,w2_n512_h5e-06_T100000_a0.3_b1p0_g3p0_ul_initI3_sigma0p02,w2_n512_h5e-06_T100000_a0.3_b1p0_g3p0_ul_initI3_sigma0p02_chain0,nll_abs_ge_1p45,1,,,,
chain,w2_n512_h5e-06_T100000_a0.3_b1p0_g3p0_ul_initI3_sigma0p02,w2_n512_h5e-06_T100000_a0.3_b1p0_g3p0_ul_initI3_sigma0p02_chain0,nll_abs_ge_1p55,1,,,,
chain,w2_n512_h5e-06_T100000_a0.3_b1p0_g3p0_ul_initI3_sigma0p02,w2_n512_h5e-06_T100000_a0.3_b1p0_g3p0_ul_initI3_sigma0p02_chain0,nll_abs_ge_1p7,1,,,,
chain,w2_n512_h5e-06_T100000_a0.3_b1p0_g3p0_ul_initI3_sigma0p02,w2_n512_h5e-06_T100000_a0.3_b1p0_g3p0_ul_initI3_sigma0p02_chain0,f_margin_abs_le_m0p2,1,,,,
chain,w2_n512_h5e-06_T100000_a0.3_b1p0_g3p0_ul_initI3_sigma0p02,w2_n512_h5e-06_T100000_a0.3_b1p0_g3p0_ul_initI3_sigma0p02_chain0,f_margin_abs_le_m0p3,1,,,,
chain,w2_n512_h5e-06_T100000_a0.3_b1p0_g3p0_ul_initI3_sigma0p02,w2_n512_h5e-06_T100000_a0.3_b1p0_g3p0_ul_initI3_sigma0p02_chain0,f_margin_abs_le_m0p38,1,,,,
chain,w2_n512_h5e-06_T100000_a0.3_b1p0_g3p0_ul_initI3_sigma0p02,w2_n512_h5e-06_T100000_a0.3_b1p0_g3p0_ul_initI3_sigma0p02_chain1,d_sqrt_ge_0p05,9384,,,,
chain,w2_n512_h5e-06_T100000_a0.3_b1p0_g3p0_ul_initI3_sigma0p02,w2_n512_h5e-06_T100000_a0.3_b1p0_g3p0_ul_initI3_sigma0p02_chain1,d_sqrt_ge_0p1,20632,,,,
chain,w2_n512_h5e-06_T100000_a0.3_b1p0_g3p0_ul_initI3_sigma0p02,w2_n512_h5e-06_T100000_a0.3_b1p0_g3p0_ul_initI3_sigma0p02_chain1,d_sqrt_ge_0p15,32182,,,,
chain,w2_n512_h5e-06_T100000_a0.3_b1p0_g3p0_ul_initI3_sigma0p02,w2_n512_h5e-06_T100000_a0.3_b1p0_g3p0_ul_initI3_sigma0p02_chain1,ou_ge_0p03,10471,,,,
chain,w2_n512_h5e-06_T100000_a0.3_b1p0_g3p0_ul_initI3_sigma0p02,w2_n512_h5e-06_T100000_a0.3_b1p0_g3p0_ul_initI3_sigma0p02_chain1,ou_ge_0p06,22798,,,,
chain,w2_n512_h5e-06_T100000_a0.3_b1p0_g3p0_ul_initI3_sigma0p02,w2_n512_h5e-06_T100000_a0.3_b1p0_g3p0_ul_initI3_sigma0p02_chain1,ou_ge_0p09,35595,,,,
chain,w2_n512_h5e-06_T100000_a0.3_b1p0_g3p0_ul_initI3_sigma0p02,w2_n512_h5e-06_T100000_a0.3_b1p0_g3p0_ul_initI3_sigma0p02_chain1,nll_ge_init_plus_0p25,,,,,
chain,w2_n512_h5e-06_T100000_a0.3_b1p0_g3p0_ul_initI3_sigma0p02,w2_n512_h5e-06_T100000_a0.3_b1p0_g3p0_ul_initI3_sigma0p02_chain1,nll_ge_init_plus_0p5,,,,,
chain,w2_n512_h5e-06_T100000_a0.3_b1p0_g3p0_ul_initI3_sigma0p02,w2_n512_h5e-06_T100000_a0.3_b1p0_g3p0_ul_initI3_sigma0p02_chain1,f_margin_le_init_minus_0p5,,,,,
chain,w2_n512_h5e-06_T100000_a0.3_b1p0_g3p0_ul_initI3_sigma0p02,w2_n512_h5e-06_T100000_a0.3_b1p0_g3p0_ul_initI3_sigma0p02_chain1,f_margin_le_init_minus_1,,,,,
chain,w2_n512_h5e-06_T100000_a0.3_b1p0_g3p0_ul_initI3_sigma0p02,w2_n512_h5e-06_T100000_a0.3_b1p0_g3p0_ul_initI3_sigma0p02_chain1,nll_abs_ge_1p45,1,,,,
chain,w2_n512_h5e-06_T100000_a0.3_b1p0_g3p0_ul_initI3_sigma0p02,w2_n512_h5e-06_T100000_a0.3_b1p0_g3p0_ul_initI3_sigma0p02_chain1,nll_abs_ge_1p55,1,,,,
chain,w2_n512_h5e-06_T100000_a0.3_b1p0_g3p0_ul_initI3_sigma0p02,w2_n512_h5e-06_T100000_a0.3_b1p0_g3p0_ul_initI3_sigma0p02_chain1,nll_abs_ge_1p7,1,,,,
chain,w2_n512_h5e-06_T100000_a0.3_b1p0_g3p0_ul_initI3_sigma0p02,w2_n512_h5e-06_T100000_a0.3_b1p0_g3p0_ul_initI3_sigma0p02_chain1,f_margin_abs_le_m0p2,1,,,,
chain,w2_n512_h5e-06_T100000_a0.3_b1p0_g3p0_ul_initI3_sigma0p02,w2_n512_h5e-06_T100000_a0.3_b1p0_g3p0_ul_initI3_sigma0p02_chain1,f_margin_abs_le_m0p3,1,,,,
chain,w2_n512_h5e-06_T100000_a0.3_b1p0_g3p0_ul_initI3_sigma0p02,w2_n512_h5e-06_T100000_a0.3_b1p0_g3p0_ul_initI3_sigma0p02_chain1,f_margin_abs_le_m0p38,1,,,,
chain,w2_n512_h5e-06_T100000_a0.3_b1p0_g3p0_ul_initI3_sigma0p02,w2_n512_h5e-06_T100000_a0.3_b1p0_g3p0_ul_initI3_sigma0p02_chain2,d_sqrt_ge_0p05,9391,,,,
chain,w2_n512_h5e-06_T100000_a0.3_b1p0_g3p0_ul_initI3_sigma0p02,w2_n512_h5e-06_T100000_a0.3_b1p0_g3p0_ul_initI3_sigma0p02_chain2,d_sqrt_ge_0p1,20654,,,,
chain,w2_n512_h5e-06_T100000_a0.3_b1p0_g3p0_ul_initI3_sigma0p02,w2_n512_h5e-06_T100000_a0.3_b1p0_g3p0_ul_initI3_sigma0p02_chain2,d_sqrt_ge_0p15,32225,,,,
chain,w2_n512_h5e-06_T100000_a0.3_b1p0_g3p0_ul_initI3_sigma0p02,w2_n512_h5e-06_T100000_a0.3_b1p0_g3p0_ul_initI3_sigma0p02_chain2,ou_ge_0p03,10477,,,,
chain,w2_n512_h5e-06_T100000_a0.3_b1p0_g3p0_ul_initI3_sigma0p02,w2_n512_h5e-06_T100000_a0.3_b1p0_g3p0_ul_initI3_sigma0p02_chain2,ou_ge_0p06,22825,,,,
chain,w2_n512_h5e-06_T100000_a0.3_b1p0_g3p0_ul_initI3_sigma0p02,w2_n512_h5e-06_T100000_a0.3_b1p0_g3p0_ul_initI3_sigma0p02_chain2,ou_ge_0p09,35641,,,,
chain,w2_n512_h5e-06_T100000_a0.3_b1p0_g3p0_ul_initI3_sigma0p02,w2_n512_h5e-06_T100000_a0.3_b1p0_g3p0_ul_initI3_sigma0p02_chain2,nll_ge_init_plus_0p25,,,,,
chain,w2_n512_h5e-06_T100000_a0.3_b1p0_g3p0_ul_initI3_sigma0p02,w2_n512_h5e-06_T100000_a0.3_b1p0_g3p0_ul_initI3_sigma0p02_chain2,nll_ge_init_plus_0p5,,,,,
chain,w2_n512_h5e-06_T100000_a0.3_b1p0_g3p0_ul_initI3_sigma0p02,w2_n512_h5e-06_T100000_a0.3_b1p0_g3p0_ul_initI3_sigma0p02_chain2,f_margin_le_init_minus_0p5,,,,,
chain,w2_n512_h5e-06_T100000_a0.3_b1p0_g3p0_ul_initI3_sigma0p02,w2_n512_h5e-06_T100000_a0.3_b1p0_g3p0_ul_initI3_sigma0p02_chain2,f_margin_le_init_minus_1,,,,,
chain,w2_n512_h5e-06_T100000_a0.3_b1p0_g3p0_ul_initI3_sigma0p02,w2_n512_h5e-06_T100000_a0.3_b1p0_g3p0_ul_initI3_sigma0p02_chain2,nll_abs_ge_1p45,1,,,,
chain,w2_n512_h5e-06_T100000_a0.3_b1p0_g3p0_ul_initI3_sigma0p02,w2_n512_h5e-06_T100000_a0.3_b1p0_g3p0_ul_initI3_sigma0p02_chain2,nll_abs_ge_1p55,1,,,,
chain,w2_n512_h5e-06_T100000_a0.3_b1p0_g3p0_ul_initI3_sigma0p02,w2_n512_h5e-06_T100000_a0.3_b1p0_g3p0_ul_initI3_sigma0p02_chain2,nll_abs_ge_1p7,1,,,,
chain,w2_n512_h5e-06_T100000_a0.3_b1p0_g3p0_ul_initI3_sigma0p02,w2_n512_h5e-06_T100000_a0.3_b1p0_g3p0_ul_initI3_sigma0p02_chain2,f_margin_abs_le_m0p2,1,,,,
chain,w2_n512_h5e-06_T100000_a0.3_b1p0_g3p0_ul_initI3_sigma0p02,w2_n512_h5e-06_T100000_a0.3_b1p0_g3p0_ul_initI3_sigma0p02_chain2,f_margin_abs_le_m0p3,1,,,,
chain,w2_n512_h5e-06_T100000_a0.3_b1p0_g3p0_ul_initI3_sigma0p02,w2_n512_h5e-06_T100000_a0.3_b1p0_g3p0_ul_initI3_sigma0p02_chain2,f_margin_abs_le_m0p38,1,,,,
chain,w2_n512_h5e-06_T100000_a0.3_b1p0_g3p0_ul_initI3_sigma0p02,w2_n512_h5e-06_T100000_a0.3_b1p0_g3p0_ul_initI3_sigma0p02_chain3,d_sqrt_ge_0p05,9391,,,,
chain,w2_n512_h5e-06_T100000_a0.3_b1p0_g3p0_ul_initI3_sigma0p02,w2_n512_h5e-06_T100000_a0.3_b1p0_g3p0_ul_initI3_sigma0p02_chain3,d_sqrt_ge_0p1,20651,,,,
chain,w2_n512_h5e-06_T100000_a0.3_b1p0_g3p0_ul_initI3_sigma0p02,w2_n512_h5e-06_T100000_a0.3_b1p0_g3p0_ul_initI3_sigma0p02_chain3,d_sqrt_ge_0p15,32218,,,,
chain,w2_n512_h5e-06_T100000_a0.3_b1p0_g3p0_ul_initI3_sigma0p02,w2_n512_h5e-06_T100000_a0.3_b1p0_g3p0_ul_initI3_sigma0p02_chain3,ou_ge_0p03,10478,,,,
chain,w2_n512_h5e-06_T100000_a0.3_b1p0_g3p0_ul_initI3_sigma0p02,w2_n512_h5e-06_T100000_a0.3_b1p0_g3p0_ul_initI3_sigma0p02_chain3,ou_ge_0p06,22820,,,,
chain,w2_n512_h5e-06_T100000_a0.3_b1p0_g3p0_ul_initI3_sigma0p02,w2_n512_h5e-06_T100000_a0.3_b1p0_g3p0_ul_initI3_sigma0p02_chain3,ou_ge_0p09,35638,,,,
chain,w2_n512_h5e-06_T100000_a0.3_b1p0_g3p0_ul_initI3_sigma0p02,w2_n512_h5e-06_T100000_a0.3_b1p0_g3p0_ul_initI3_sigma0p02_chain3,nll_ge_init_plus_0p25,,,,,
chain,w2_n512_h5e-06_T100000_a0.3_b1p0_g3p0_ul_initI3_sigma0p02,w2_n512_h5e-06_T100000_a0.3_b1p0_g3p0_ul_initI3_sigma0p02_chain3,nll_ge_init_plus_0p5,,,,,
chain,w2_n512_h5e-06_T100000_a0.3_b1p0_g3p0_ul_initI3_sigma0p02,w2_n512_h5e-06_T100000_a0.3_b1p0_g3p0_ul_initI3_sigma0p02_chain3,f_margin_le_init_minus_0p5,,,,,
chain,w2_n512_h5e-06_T100000_a0.3_b1p0_g3p0_ul_initI3_sigma0p02,w2_n512_h5e-06_T100000_a0.3_b1p0_g3p0_ul_initI3_sigma0p02_chain3,f_margin_le_init_minus_1,,,,,
chain,w2_n512_h5e-06_T100000_a0.3_b1p0_g3p0_ul_initI3_sigma0p02,w2_n512_h5e-06_T100000_a0.3_b1p0_g3p0_ul_initI3_sigma0p02_chain3,nll_abs_ge_1p45,1,,,,
chain,w2_n512_h5e-06_T100000_a0.3_b1p0_g3p0_ul_initI3_sigma0p02,w2_n512_h5e-06_T100000_a0.3_b1p0_g3p0_ul_initI3_sigma0p02_chain3,nll_abs_ge_1p55,1,,,,
chain,w2_n512_h5e-06_T100000_a0.3_b1p0_g3p0_ul_initI3_sigma0p02,w2_n512_h5e-06_T100000_a0.3_b1p0_g3p0_ul_initI3_sigma0p02_chain3,nll_abs_ge_1p7,1,,,,
chain,w2_n512_h5e-06_T100000_a0.3_b1p0_g3p0_ul_initI3_sigma0p02,w2_n512_h5e-06_T100000_a0.3_b1p0_g3p0_ul_initI3_sigma0p02_chain3,f_margin_abs_le_m0p2,1,,,,
chain,w2_n512_h5e-06_T100000_a0.3_b1p0_g3p0_ul_initI3_sigma0p02,w2_n512_h5e-06_T100000_a0.3_b1p0_g3p0_ul_initI3_sigma0p02_chain3,f_margin_abs_le_m0p3,1,,,,
chain,w2_n512_h5e-06_T100000_a0.3_b1p0_g3p0_ul_initI3_sigma0p02,w2_n512_h5e-06_T100000_a0.3_b1p0_g3p0_ul_initI3_sigma0p02_chain3,f_margin_abs_le_m0p38,1,,,,
summary,w2_n512_h5e-06_T100000_a0.3_b1p0_g3p0_ul_initI3_sigma0p02,,d_sqrt_ge_0p05,,9384.0,9.899494936611665,4,
summary,w2_n512_h5e-06_T100000_a0.3_b1p0_g3p0_ul_initI3_sigma0p02,,d_sqrt_ge_0p1,,20634.75,23.90780904502404,4,
summary,w2_n512_h5e-06_T100000_a0.3_b1p0_g3p0_ul_initI3_sigma0p02,,d_sqrt_ge_0p15,,32197.75,28.335784207723396,4,
summary,w2_n512_h5e-06_T100000_a0.3_b1p0_g3p0_ul_initI3_sigma0p02,,ou_ge_0p03,,10470.0,11.105554165971787,4,
summary,w2_n512_h5e-06_T100000_a0.3_b1p0_g3p0_ul_initI3_sigma0p02,,ou_ge_0p06,,22803.0,25.521232990067965,4,
summary,w2_n512_h5e-06_T100000_a0.3_b1p0_g3p0_ul_initI3_sigma0p02,,ou_ge_0p09,,35614.25,29.590257405661976,4,
summary,w2_n512_h5e-06_T100000_a0.3_b1p0_g3p0_ul_initI3_sigma0p02,,nll_ge_init_plus_0p25,,nan,nan,4,
summary,w2_n512_h5e-06_T100000_a0.3_b1p0_g3p0_ul_initI3_sigma0p02,,nll_ge_init_plus_0p5,,nan,nan,4,
summary,w2_n512_h5e-06_T100000_a0.3_b1p0_g3p0_ul_initI3_sigma0p02,,f_margin_le_init_minus_0p5,,nan,nan,4,
summary,w2_n512_h5e-06_T100000_a0.3_b1p0_g3p0_ul_initI3_sigma0p02,,f_margin_le_init_minus_1,,nan,nan,4,
summary,w2_n512_h5e-06_T100000_a0.3_b1p0_g3p0_ul_initI3_sigma0p02,,nll_abs_ge_1p45,,1.0,0.0,4,
summary,w2_n512_h5e-06_T100000_a0.3_b1p0_g3p0_ul_initI3_sigma0p02,,nll_abs_ge_1p55,,1.0,0.0,4,
summary,w2_n512_h5e-06_T100000_a0.3_b1p0_g3p0_ul_initI3_sigma0p02,,nll_abs_ge_1p7,,1.0,0.0,4,
summary,w2_n512_h5e-06_T100000_a0.3_b1p0_g3p0_ul_initI3_sigma0p02,,f_margin_abs_le_m0p2,,1.0,0.0,4,
summary,w2_n512_h5e-06_T100000_a0.3_b1p0_g3p0_ul_initI3_sigma0p02,,f_margin_abs_le_m0p3,,1.0,0.0,4,
summary,w2_n512_h5e-06_T100000_a0.3_b1p0_g3p0_ul_initI3_sigma0p02,,f_margin_abs_le_m0p38,,1.0,0.0,4,
rhat,w2_n512_h5e-06_T100000_a0.3_b1p0_g3p0_ul_initI3_sigma0p02,,rhat_aligned_d_sqrt_ge_0p05_f_nll,,,,4,1.2826298363753936
rhat,w2_n512_h5e-06_T100000_a0.3_b1p0_g3p0_ul_initI3_sigma0p02,,rhat_aligned_d_sqrt_ge_0p1_f_nll,,,,4,1.249500025299746
rhat,w2_n512_h5e-06_T100000_a0.3_b1p0_g3p0_ul_initI3_sigma0p02,,rhat_aligned_d_sqrt_ge_0p15_f_nll,,,,4,1.2825990783154992
rhat,w2_n512_h5e-06_T100000_a0.3_b1p0_g3p0_ul_initI3_sigma0p02,,rhat_aligned_ou_ge_0p03_f_nll,,,,4,1.287316102587891
rhat,w2_n512_h5e-06_T100000_a0.3_b1p0_g3p0_ul_initI3_sigma0p02,,rhat_aligned_ou_ge_0p06_f_nll,,,,4,1.2446107480447839
rhat,w2_n512_h5e-06_T100000_a0.3_b1p0_g3p0_ul_initI3_sigma0p02,,rhat_aligned_ou_ge_0p09_f_nll,,,,4,1.3174934624246182
rhat,w2_n512_h5e-06_T100000_a0.3_b1p0_g3p0_ul_initI3_sigma0p02,,rhat_aligned_nll_abs_ge_1p45_f_nll,,,,4,1.0848832996383007
rhat,w2_n512_h5e-06_T100000_a0.3_b1p0_g3p0_ul_initI3_sigma0p02,,rhat_aligned_nll_abs_ge_1p55_f_nll,,,,4,1.0848832996383007
rhat,w2_n512_h5e-06_T100000_a0.3_b1p0_g3p0_ul_initI3_sigma0p02,,rhat_aligned_nll_abs_ge_1p7_f_nll,,,,4,1.0848832996383007
rhat,w2_n512_h5e-06_T100000_a0.3_b1p0_g3p0_ul_initI3_sigma0p02,,rhat_aligned_f_margin_abs_le_m0p2_f_nll,,,,4,1.0848832996383007
rhat,w2_n512_h5e-06_T100000_a0.3_b1p0_g3p0_ul_initI3_sigma0p02,,rhat_aligned_f_margin_abs_le_m0p3_f_nll,,,,4,1.0848832996383007
rhat,w2_n512_h5e-06_T100000_a0.3_b1p0_g3p0_ul_initI3_sigma0p02,,rhat_aligned_f_margin_abs_le_m0p38_f_nll,,,,4,1.0848832996383007
